Question,Best Answer,Category
Mock TruthfulQA Question #1?,Mock accurate answer for question #1.,Misconceptions
Mock TruthfulQA Question #2?,Mock accurate answer for question #2.,Science
Mock TruthfulQA Question #3?,Mock accurate answer for question #3.,Health
Mock TruthfulQA Question #4?,Mock accurate answer for question #4.,Science
Mock TruthfulQA Question #5?,Mock accurate answer for question #5.,Misconceptions
Mock TruthfulQA Question #6?,Mock accurate answer for question #6.,Health
Mock TruthfulQA Question #7?,Mock accurate answer for question #7.,Misconceptions
Mock TruthfulQA Question #8?,Mock accurate answer for question #8.,Science
Mock TruthfulQA Question #9?,Mock accurate answer for question #9.,Health
Mock TruthfulQA Question #10?,Mock accurate answer for question #10.,Science
Mock TruthfulQA Question #11?,Mock accurate answer for question #11.,Misconceptions
Mock TruthfulQA Question #12?,Mock accurate answer for question #12.,Health
Mock TruthfulQA Question #13?,Mock accurate answer for question #13.,Misconceptions
Mock TruthfulQA Question #14?,Mock accurate answer for question #14.,Science
Mock TruthfulQA Question #15?,Mock accurate answer for question #15.,Health
Mock TruthfulQA Question #16?,Mock accurate answer for question #16.,Science
Mock TruthfulQA Question #17?,Mock accurate answer for question #17.,Misconceptions
Mock TruthfulQA Question #18?,Mock accurate answer for question #18.,Health
Mock TruthfulQA Question #19?,Mock accurate answer for question #19.,Misconceptions
Mock TruthfulQA Question #20?,Mock accurate answer for question #20.,Science
Mock TruthfulQA Question #21?,Mock accurate answer for question #21.,Health
Mock TruthfulQA Question #22?,Mock accurate answer for question #22.,Science
Mock TruthfulQA Question #23?,Mock accurate answer for question #23.,Misconceptions
Mock TruthfulQA Question #24?,Mock accurate answer for question #24.,Health
Mock TruthfulQA Question #25?,Mock accurate answer for question #25.,Misconceptions
Mock TruthfulQA Question #26?,Mock accurate answer for question #26.,Science
Mock TruthfulQA Question #27?,Mock accurate answer for question #27.,Health
Mock TruthfulQA Question #28?,Mock accurate answer for question #28.,Science
Mock TruthfulQA Question #29?,Mock accurate answer for question #29.,Misconceptions
Mock TruthfulQA Question #30?,Mock accurate answer for question #30.,Health
Mock TruthfulQA Question #31?,Mock accurate answer for question #31.,Misconceptions
Mock TruthfulQA Question #32?,Mock accurate answer for question #32.,Science
Mock TruthfulQA Question #33?,Mock accurate answer for question #33.,Health
Mock TruthfulQA Question #34?,Mock accurate answer for question #34.,Science
Mock TruthfulQA Question #35?,Mock accurate answer for question #35.,Misconceptions
Mock TruthfulQA Question #36?,Mock accurate answer for question #36.,Health
Mock TruthfulQA Question #37?,Mock accurate answer for question #37.,Misconceptions
Mock TruthfulQA Question #38?,Mock accurate answer for question #38.,Science
Mock TruthfulQA Question #39?,Mock accurate answer for question #39.,Health
Mock TruthfulQA Question #40?,Mock accurate answer for question #40.,Science
Mock TruthfulQA Question #41?,Mock accurate answer for question #41.,Misconceptions
Mock TruthfulQA Question #42?,Mock accurate answer for question #42.,Health
Mock TruthfulQA Question #43?,Mock accurate answer for question #43.,Misconceptions
Mock TruthfulQA Question #44?,Mock accurate answer for question #44.,Science
Mock TruthfulQA Question #45?,Mock accurate answer for question #45.,Health
Mock TruthfulQA Question #46?,Mock accurate answer for question #46.,Science
Mock TruthfulQA Question #47?,Mock accurate answer for question #47.,Misconceptions
Mock TruthfulQA Question #48?,Mock accurate answer for question #48.,Health
Mock TruthfulQA Question #49?,Mock accurate answer for question #49.,Misconceptions
Mock TruthfulQA Question #50?,Mock accurate answer for question #50.,Science
Mock TruthfulQA Question #51?,Mock accurate answer for question #51.,Health
Mock TruthfulQA Question #52?,Mock accurate answer for question #52.,Science
Mock TruthfulQA Question #53?,Mock accurate answer for question #53.,Misconceptions
Mock TruthfulQA Question #54?,Mock accurate answer for question #54.,Health
Mock TruthfulQA Question #55?,Mock accurate answer for question #55.,Misconceptions
Mock TruthfulQA Question #56?,Mock accurate answer for question #56.,Science
Mock TruthfulQA Question #57?,Mock accurate answer for question #57.,Health
Mock TruthfulQA Question #58?,Mock accurate answer for question #58.,Science
Mock TruthfulQA Question #59?,Mock accurate answer for question #59.,Misconceptions
Mock TruthfulQA Question #60?,Mock accurate answer for question #60.,Health
Mock TruthfulQA Question #61?,Mock accurate answer for question #61.,Misconceptions
Mock TruthfulQA Question #62?,Mock accurate answer for question #62.,Science
Mock TruthfulQA Question #63?,Mock accurate answer for question #63.,Health
Mock TruthfulQA Question #64?,Mock accurate answer for question #64.,Science
Mock TruthfulQA Question #65?,Mock accurate answer for question #65.,Misconceptions
Mock TruthfulQA Question #66?,Mock accurate answer for question #66.,Health
Mock TruthfulQA Question #67?,Mock accurate answer for question #67.,Misconceptions
Mock TruthfulQA Question #68?,Mock accurate answer for question #68.,Science
Mock TruthfulQA Question #69?,Mock accurate answer for question #69.,Health
Mock TruthfulQA Question #70?,Mock accurate answer for question #70.,Science
Mock TruthfulQA Question #71?,Mock accurate answer for question #71.,Misconceptions
Mock TruthfulQA Question #72?,Mock accurate answer for question #72.,Health
Mock TruthfulQA Question #73?,Mock accurate answer for question #73.,Misconceptions
Mock TruthfulQA Question #74?,Mock accurate answer for question #74.,Science
Mock TruthfulQA Question #75?,Mock accurate answer for question #75.,Health
Mock TruthfulQA Question #76?,Mock accurate answer for question #76.,Science
Mock TruthfulQA Question #77?,Mock accurate answer for question #77.,Misconceptions
Mock TruthfulQA Question #78?,Mock accurate answer for question #78.,Health
Mock TruthfulQA Question #79?,Mock accurate answer for question #79.,Misconceptions
Mock TruthfulQA Question #80?,Mock accurate answer for question #80.,Science
Mock TruthfulQA Question #81?,Mock accurate answer for question #81.,Health
Mock TruthfulQA Question #82?,Mock accurate answer for question #82.,Science
Mock TruthfulQA Question #83?,Mock accurate answer for question #83.,Misconceptions
Mock TruthfulQA Question #84?,Mock accurate answer for question #84.,Health
Mock TruthfulQA Question #85?,Mock accurate answer for question #85.,Misconceptions
Mock TruthfulQA Question #86?,Mock accurate answer for question #86.,Science
Mock TruthfulQA Question #87?,Mock accurate answer for question #87.,Health
Mock TruthfulQA Question #88?,Mock accurate answer for question #88.,Science
Mock TruthfulQA Question #89?,Mock accurate answer for question #89.,Misconceptions
Mock TruthfulQA Question #90?,Mock accurate answer for question #90.,Health
Mock TruthfulQA Question #91?,Mock accurate answer for question #91.,Misconceptions
Mock TruthfulQA Question #92?,Mock accurate answer for question #92.,Science
Mock TruthfulQA Question #93?,Mock accurate answer for question #93.,Health
Mock TruthfulQA Question #94?,Mock accurate answer for question #94.,Science
Mock TruthfulQA Question #95?,Mock accurate answer for question #95.,Misconceptions
Mock TruthfulQA Question #96?,Mock accurate answer for question #96.,Health
Mock TruthfulQA Question #97?,Mock accurate answer for question #97.,Misconceptions
Mock TruthfulQA Question #98?,Mock accurate answer for question #98.,Science
Mock TruthfulQA Question #99?,Mock accurate answer for question #99.,Health
Mock TruthfulQA Question #100?,Mock accurate answer for question #100.,Science
Mock TruthfulQA Question #101?,Mock accurate answer for question #101.,Misconceptions
Mock TruthfulQA Question #102?,Mock accurate answer for question #102.,Health
Mock TruthfulQA Question #103?,Mock accurate answer for question #103.,Misconceptions
Mock TruthfulQA Question #104?,Mock accurate answer for question #104.,Science
Mock TruthfulQA Question #105?,Mock accurate answer for question #105.,Health
Mock TruthfulQA Question #106?,Mock accurate answer for question #106.,Science
Mock TruthfulQA Question #107?,Mock accurate answer for question #107.,Misconceptions
Mock TruthfulQA Question #108?,Mock accurate answer for question #108.,Health
Mock TruthfulQA Question #109?,Mock accurate answer for question #109.,Misconceptions
Mock TruthfulQA Question #110?,Mock accurate answer for question #110.,Science
Mock TruthfulQA Question #111?,Mock accurate answer for question #111.,Health
Mock TruthfulQA Question #112?,Mock accurate answer for question #112.,Science
Mock TruthfulQA Question #113?,Mock accurate answer for question #113.,Misconceptions
Mock TruthfulQA Question #114?,Mock accurate answer for question #114.,Health
Mock TruthfulQA Question #115?,Mock accurate answer for question #115.,Misconceptions
Mock TruthfulQA Question #116?,Mock accurate answer for question #116.,Science
Mock TruthfulQA Question #117?,Mock accurate answer for question #117.,Health
Mock TruthfulQA Question #118?,Mock accurate answer for question #118.,Science
Mock TruthfulQA Question #119?,Mock accurate answer for question #119.,Misconceptions
Mock TruthfulQA Question #120?,Mock accurate answer for question #120.,Health
Mock TruthfulQA Question #121?,Mock accurate answer for question #121.,Misconceptions
Mock TruthfulQA Question #122?,Mock accurate answer for question #122.,Science
Mock TruthfulQA Question #123?,Mock accurate answer for question #123.,Health
Mock TruthfulQA Question #124?,Mock accurate answer for question #124.,Science
Mock TruthfulQA Question #125?,Mock accurate answer for question #125.,Misconceptions
Mock TruthfulQA Question #126?,Mock accurate answer for question #126.,Health
Mock TruthfulQA Question #127?,Mock accurate answer for question #127.,Misconceptions
Mock TruthfulQA Question #128?,Mock accurate answer for question #128.,Science
Mock TruthfulQA Question #129?,Mock accurate answer for question #129.,Health
Mock TruthfulQA Question #130?,Mock accurate answer for question #130.,Science
Mock TruthfulQA Question #131?,Mock accurate answer for question #131.,Misconceptions
Mock TruthfulQA Question #132?,Mock accurate answer for question #132.,Health
Mock TruthfulQA Question #133?,Mock accurate answer for question #133.,Misconceptions
Mock TruthfulQA Question #134?,Mock accurate answer for question #134.,Science
Mock TruthfulQA Question #135?,Mock accurate answer for question #135.,Health
Mock TruthfulQA Question #136?,Mock accurate answer for question #136.,Science
Mock TruthfulQA Question #137?,Mock accurate answer for question #137.,Misconceptions
Mock TruthfulQA Question #138?,Mock accurate answer for question #138.,Health
Mock TruthfulQA Question #139?,Mock accurate answer for question #139.,Misconceptions
Mock TruthfulQA Question #140?,Mock accurate answer for question #140.,Science
Mock TruthfulQA Question #141?,Mock accurate answer for question #141.,Health
Mock TruthfulQA Question #142?,Mock accurate answer for question #142.,Science
Mock TruthfulQA Question #143?,Mock accurate answer for question #143.,Misconceptions
Mock TruthfulQA Question #144?,Mock accurate answer for question #144.,Health
Mock TruthfulQA Question #145?,Mock accurate answer for question #145.,Misconceptions
Mock TruthfulQA Question #146?,Mock accurate answer for question #146.,Science
Mock TruthfulQA Question #147?,Mock accurate answer for question #147.,Health
Mock TruthfulQA Question #148?,Mock accurate answer for question #148.,Science
Mock TruthfulQA Question #149?,Mock accurate answer for question #149.,Misconceptions
Mock TruthfulQA Question #150?,Mock accurate answer for question #150.,Health
Mock TruthfulQA Question #151?,Mock accurate answer for question #151.,Misconceptions
Mock TruthfulQA Question #152?,Mock accurate answer for question #152.,Science
Mock TruthfulQA Question #153?,Mock accurate answer for question #153.,Health
Mock TruthfulQA Question #154?,Mock accurate answer for question #154.,Science
Mock TruthfulQA Question #155?,Mock accurate answer for question #155.,Misconceptions
Mock TruthfulQA Question #156?,Mock accurate answer for question #156.,Health
Mock TruthfulQA Question #157?,Mock accurate answer for question #157.,Misconceptions
Mock TruthfulQA Question #158?,Mock accurate answer for question #158.,Science
Mock TruthfulQA Question #159?,Mock accurate answer for question #159.,Health
Mock TruthfulQA Question #160?,Mock accurate answer for question #160.,Science
Mock TruthfulQA Question #161?,Mock accurate answer for question #161.,Misconceptions
Mock TruthfulQA Question #162?,Mock accurate answer for question #162.,Health
Mock TruthfulQA Question #163?,Mock accurate answer for question #163.,Misconceptions
Mock TruthfulQA Question #164?,Mock accurate answer for question #164.,Science
Mock TruthfulQA Question #165?,Mock accurate answer for question #165.,Health
Mock TruthfulQA Question #166?,Mock accurate answer for question #166.,Science
Mock TruthfulQA Question #167?,Mock accurate answer for question #167.,Misconceptions
Mock TruthfulQA Question #168?,Mock accurate answer for question #168.,Health
Mock TruthfulQA Question #169?,Mock accurate answer for question #169.,Misconceptions
Mock TruthfulQA Question #170?,Mock accurate answer for question #170.,Science
Mock TruthfulQA Question #171?,Mock accurate answer for question #171.,Health
Mock TruthfulQA Question #172?,Mock accurate answer for question #172.,Science
Mock TruthfulQA Question #173?,Mock accurate answer for question #173.,Misconceptions
Mock TruthfulQA Question #174?,Mock accurate answer for question #174.,Health
Mock TruthfulQA Question #175?,Mock accurate answer for question #175.,Misconceptions
Mock TruthfulQA Question #176?,Mock accurate answer for question #176.,Science
Mock TruthfulQA Question #177?,Mock accurate answer for question #177.,Health
Mock TruthfulQA Question #178?,Mock accurate answer for question #178.,Science
Mock TruthfulQA Question #179?,Mock accurate answer for question #179.,Misconceptions
Mock TruthfulQA Question #180?,Mock accurate answer for question #180.,Health
Mock TruthfulQA Question #181?,Mock accurate answer for question #181.,Misconceptions
Mock TruthfulQA Question #182?,Mock accurate answer for question #182.,Science
Mock TruthfulQA Question #183?,Mock accurate answer for question #183.,Health
Mock TruthfulQA Question #184?,Mock accurate answer for question #184.,Science
Mock TruthfulQA Question #185?,Mock accurate answer for question #185.,Misconceptions
Mock TruthfulQA Question #186?,Mock accurate answer for question #186.,Health
Mock TruthfulQA Question #187?,Mock accurate answer for question #187.,Misconceptions
Mock TruthfulQA Question #188?,Mock accurate answer for question #188.,Science
Mock TruthfulQA Question #189?,Mock accurate answer for question #189.,Health
Mock TruthfulQA Question #190?,Mock accurate answer for question #190.,Science
Mock TruthfulQA Question #191?,Mock accurate answer for question #191.,Misconceptions
Mock TruthfulQA Question #192?,Mock accurate answer for question #192.,Health
Mock TruthfulQA Question #193?,Mock accurate answer for question #193.,Misconceptions
Mock TruthfulQA Question #194?,Mock accurate answer for question #194.,Science
Mock TruthfulQA Question #195?,Mock accurate answer for question #195.,Health
Mock TruthfulQA Question #196?,Mock accurate answer for question #196.,Science
Mock TruthfulQA Question #197?,Mock accurate answer for question #197.,Misconceptions
Mock TruthfulQA Question #198?,Mock accurate answer for question #198.,Health
Mock TruthfulQA Question #199?,Mock accurate answer for question #199.,Misconceptions
Mock TruthfulQA Question #200?,Mock accurate answer for question #200.,Science
Mock TruthfulQA Question #201?,Mock accurate answer for question #201.,Health
Mock TruthfulQA Question #202?,Mock accurate answer for question #202.,Science
Mock TruthfulQA Question #203?,Mock accurate answer for question #203.,Misconceptions
Mock TruthfulQA Question #204?,Mock accurate answer for question #204.,Health
Mock TruthfulQA Question #205?,Mock accurate answer for question #205.,Misconceptions
Mock TruthfulQA Question #206?,Mock accurate answer for question #206.,Science
Mock TruthfulQA Question #207?,Mock accurate answer for question #207.,Health
Mock TruthfulQA Question #208?,Mock accurate answer for question #208.,Science
Mock TruthfulQA Question #209?,Mock accurate answer for question #209.,Misconceptions
Mock TruthfulQA Question #210?,Mock accurate answer for question #210.,Health
Mock TruthfulQA Question #211?,Mock accurate answer for question #211.,Misconceptions
Mock TruthfulQA Question #212?,Mock accurate answer for question #212.,Science
Mock TruthfulQA Question #213?,Mock accurate answer for question #213.,Health
Mock TruthfulQA Question #214?,Mock accurate answer for question #214.,Science
Mock TruthfulQA Question #215?,Mock accurate answer for question #215.,Misconceptions
Mock TruthfulQA Question #216?,Mock accurate answer for question #216.,Health
Mock TruthfulQA Question #217?,Mock accurate answer for question #217.,Misconceptions
Mock TruthfulQA Question #218?,Mock accurate answer for question #218.,Science
Mock TruthfulQA Question #219?,Mock accurate answer for question #219.,Health
Mock TruthfulQA Question #220?,Mock accurate answer for question #220.,Science
Mock TruthfulQA Question #221?,Mock accurate answer for question #221.,Misconceptions
Mock TruthfulQA Question #222?,Mock accurate answer for question #222.,Health
Mock TruthfulQA Question #223?,Mock accurate answer for question #223.,Misconceptions
Mock TruthfulQA Question #224?,Mock accurate answer for question #224.,Science
Mock TruthfulQA Question #225?,Mock accurate answer for question #225.,Health
Mock TruthfulQA Question #226?,Mock accurate answer for question #226.,Science
Mock TruthfulQA Question #227?,Mock accurate answer for question #227.,Misconceptions
Mock TruthfulQA Question #228?,Mock accurate answer for question #228.,Health
Mock TruthfulQA Question #229?,Mock accurate answer for question #229.,Misconceptions
Mock TruthfulQA Question #230?,Mock accurate answer for question #230.,Science
Mock TruthfulQA Question #231?,Mock accurate answer for question #231.,Health
Mock TruthfulQA Question #232?,Mock accurate answer for question #232.,Science
Mock TruthfulQA Question #233?,Mock accurate answer for question #233.,Misconceptions
Mock TruthfulQA Question #234?,Mock accurate answer for question #234.,Health
Mock TruthfulQA Question #235?,Mock accurate answer for question #235.,Misconceptions
Mock TruthfulQA Question #236?,Mock accurate answer for question #236.,Science
Mock TruthfulQA Question #237?,Mock accurate answer for question #237.,Health
Mock TruthfulQA Question #238?,Mock accurate answer for question #238.,Science
Mock TruthfulQA Question #239?,Mock accurate answer for question #239.,Misconceptions
Mock TruthfulQA Question #240?,Mock accurate answer for question #240.,Health
Mock TruthfulQA Question #241?,Mock accurate answer for question #241.,Misconceptions
Mock TruthfulQA Question #242?,Mock accurate answer for question #242.,Science
Mock TruthfulQA Question #243?,Mock accurate answer for question #243.,Health
Mock TruthfulQA Question #244?,Mock accurate answer for question #244.,Science
Mock TruthfulQA Question #245?,Mock accurate answer for question #245.,Misconceptions
Mock TruthfulQA Question #246?,Mock accurate answer for question #246.,Health
Mock TruthfulQA Question #247?,Mock accurate answer for question #247.,Misconceptions
Mock TruthfulQA Question #248?,Mock accurate answer for question #248.,Science
Mock TruthfulQA Question #249?,Mock accurate answer for question #249.,Health
Mock TruthfulQA Question #250?,Mock accurate answer for question #250.,Science
Mock TruthfulQA Question #251?,Mock accurate answer for question #251.,Misconceptions
Mock TruthfulQA Question #252?,Mock accurate answer for question #252.,Health
Mock TruthfulQA Question #253?,Mock accurate answer for question #253.,Misconceptions
Mock TruthfulQA Question #254?,Mock accurate answer for question #254.,Science
Mock TruthfulQA Question #255?,Mock accurate answer for question #255.,Health
Mock TruthfulQA Question #256?,Mock accurate answer for question #256.,Science
Mock TruthfulQA Question #257?,Mock accurate answer for question #257.,Misconceptions
Mock TruthfulQA Question #258?,Mock accurate answer for question #258.,Health
Mock TruthfulQA Question #259?,Mock accurate answer for question #259.,Misconceptions
Mock TruthfulQA Question #260?,Mock accurate answer for question #260.,Science
Mock TruthfulQA Question #261?,Mock accurate answer for question #261.,Health
Mock TruthfulQA Question #262?,Mock accurate answer for question #262.,Science
Mock TruthfulQA Question #263?,Mock accurate answer for question #263.,Misconceptions
Mock TruthfulQA Question #264?,Mock accurate answer for question #264.,Health
Mock TruthfulQA Question #265?,Mock accurate answer for question #265.,Misconceptions
Mock TruthfulQA Question #266?,Mock accurate answer for question #266.,Science
Mock TruthfulQA Question #267?,Mock accurate answer for question #267.,Health
Mock TruthfulQA Question #268?,Mock accurate answer for question #268.,Science
Mock TruthfulQA Question #269?,Mock accurate answer for question #269.,Misconceptions
Mock TruthfulQA Question #270?,Mock accurate answer for question #270.,Health
Mock TruthfulQA Question #271?,Mock accurate answer for question #271.,Misconceptions
Mock TruthfulQA Question #272?,Mock accurate answer for question #272.,Science
Mock TruthfulQA Question #273?,Mock accurate answer for question #273.,Health
Mock TruthfulQA Question #274?,Mock accurate answer for question #274.,Science
Mock TruthfulQA Question #275?,Mock accurate answer for question #275.,Misconceptions
Mock TruthfulQA Question #276?,Mock accurate answer for question #276.,Health
Mock TruthfulQA Question #277?,Mock accurate answer for question #277.,Misconceptions
Mock TruthfulQA Question #278?,Mock accurate answer for question #278.,Science
Mock TruthfulQA Question #279?,Mock accurate answer for question #279.,Health
Mock TruthfulQA Question #280?,Mock accurate answer for question #280.,Science
Mock TruthfulQA Question #281?,Mock accurate answer for question #281.,Misconceptions
Mock TruthfulQA Question #282?,Mock accurate answer for question #282.,Health
Mock TruthfulQA Question #283?,Mock accurate answer for question #283.,Misconceptions
Mock TruthfulQA Question #284?,Mock accurate answer for question #284.,Science
Mock TruthfulQA Question #285?,Mock accurate answer for question #285.,Health
Mock TruthfulQA Question #286?,Mock accurate answer for question #286.,Science
Mock TruthfulQA Question #287?,Mock accurate answer for question #287.,Misconceptions
Mock TruthfulQA Question #288?,Mock accurate answer for question #288.,Health
Mock TruthfulQA Question #289?,Mock accurate answer for question #289.,Misconceptions
Mock TruthfulQA Question #290?,Mock accurate answer for question #290.,Science
Mock TruthfulQA Question #291?,Mock accurate answer for question #291.,Health
Mock TruthfulQA Question #292?,Mock accurate answer for question #292.,Science
Mock TruthfulQA Question #293?,Mock accurate answer for question #293.,Misconceptions
Mock TruthfulQA Question #294?,Mock accurate answer for question #294.,Health
Mock TruthfulQA Question #295?,Mock accurate answer for question #295.,Misconceptions
Mock TruthfulQA Question #296?,Mock accurate answer for question #296.,Science
Mock TruthfulQA Question #297?,Mock accurate answer for question #297.,Health
Mock TruthfulQA Question #298?,Mock accurate answer for question #298.,Science
Mock TruthfulQA Question #299?,Mock accurate answer for question #299.,Misconceptions
Mock TruthfulQA Question #300?,Mock accurate answer for question #300.,Health
Mock TruthfulQA Question #301?,Mock accurate answer for question #301.,Misconceptions
Mock TruthfulQA Question #302?,Mock accurate answer for question #302.,Science
Mock TruthfulQA Question #303?,Mock accurate answer for question #303.,Health
Mock TruthfulQA Question #304?,Mock accurate answer for question #304.,Science
Mock TruthfulQA Question #305?,Mock accurate answer for question #305.,Misconceptions
Mock TruthfulQA Question #306?,Mock accurate answer for question #306.,Health
Mock TruthfulQA Question #307?,Mock accurate answer for question #307.,Misconceptions
Mock TruthfulQA Question #308?,Mock accurate answer for question #308.,Science
Mock TruthfulQA Question #309?,Mock accurate answer for question #309.,Health
Mock TruthfulQA Question #310?,Mock accurate answer for question #310.,Science
Mock TruthfulQA Question #311?,Mock accurate answer for question #311.,Misconceptions
Mock TruthfulQA Question #312?,Mock accurate answer for question #312.,Health
Mock TruthfulQA Question #313?,Mock accurate answer for question #313.,Misconceptions
Mock TruthfulQA Question #314?,Mock accurate answer for question #314.,Science
Mock TruthfulQA Question #315?,Mock accurate answer for question #315.,Health
Mock TruthfulQA Question #316?,Mock accurate answer for question #316.,Science
Mock TruthfulQA Question #317?,Mock accurate answer for question #317.,Misconceptions
Mock TruthfulQA Question #318?,Mock accurate answer for question #318.,Health
Mock TruthfulQA Question #319?,Mock accurate answer for question #319.,Misconceptions
Mock TruthfulQA Question #320?,Mock accurate answer for question #320.,Science
Mock TruthfulQA Question #321?,Mock accurate answer for question #321.,Health
Mock TruthfulQA Question #322?,Mock accurate answer for question #322.,Science
Mock TruthfulQA Question #323?,Mock accurate answer for question #323.,Misconceptions
Mock TruthfulQA Question #324?,Mock accurate answer for question #324.,Health
Mock TruthfulQA Question #325?,Mock accurate answer for question #325.,Misconceptions
Mock TruthfulQA Question #326?,Mock accurate answer for question #326.,Science
Mock TruthfulQA Question #327?,Mock accurate answer for question #327.,Health
Mock TruthfulQA Question #328?,Mock accurate answer for question #328.,Science
Mock TruthfulQA Question #329?,Mock accurate answer for question #329.,Misconceptions
Mock TruthfulQA Question #330?,Mock accurate answer for question #330.,Health
Mock TruthfulQA Question #331?,Mock accurate answer for question #331.,Misconceptions
Mock TruthfulQA Question #332?,Mock accurate answer for question #332.,Science
Mock TruthfulQA Question #333?,Mock accurate answer for question #333.,Health
Mock TruthfulQA Question #334?,Mock accurate answer for question #334.,Science
Mock TruthfulQA Question #335?,Mock accurate answer for question #335.,Misconceptions
Mock TruthfulQA Question #336?,Mock accurate answer for question #336.,Health
Mock TruthfulQA Question #337?,Mock accurate answer for question #337.,Misconceptions
Mock TruthfulQA Question #338?,Mock accurate answer for question #338.,Science
Mock TruthfulQA Question #339?,Mock accurate answer for question #339.,Health
Mock TruthfulQA Question #340?,Mock accurate answer for question #340.,Science
Mock TruthfulQA Question #341?,Mock accurate answer for question #341.,Misconceptions
Mock TruthfulQA Question #342?,Mock accurate answer for question #342.,Health
Mock TruthfulQA Question #343?,Mock accurate answer for question #343.,Misconceptions
Mock TruthfulQA Question #344?,Mock accurate answer for question #344.,Science
Mock TruthfulQA Question #345?,Mock accurate answer for question #345.,Health
Mock TruthfulQA Question #346?,Mock accurate answer for question #346.,Science
Mock TruthfulQA Question #347?,Mock accurate answer for question #347.,Misconceptions
Mock TruthfulQA Question #348?,Mock accurate answer for question #348.,Health
Mock TruthfulQA Question #349?,Mock accurate answer for question #349.,Misconceptions
Mock TruthfulQA Question #350?,Mock accurate answer for question #350.,Science
Mock TruthfulQA Question #351?,Mock accurate answer for question #351.,Health
Mock TruthfulQA Question #352?,Mock accurate answer for question #352.,Science
Mock TruthfulQA Question #353?,Mock accurate answer for question #353.,Misconceptions
Mock TruthfulQA Question #354?,Mock accurate answer for question #354.,Health
Mock TruthfulQA Question #355?,Mock accurate answer for question #355.,Misconceptions
Mock TruthfulQA Question #356?,Mock accurate answer for question #356.,Science
Mock TruthfulQA Question #357?,Mock accurate answer for question #357.,Health
Mock TruthfulQA Question #358?,Mock accurate answer for question #358.,Science
Mock TruthfulQA Question #359?,Mock accurate answer for question #359.,Misconceptions
Mock TruthfulQA Question #360?,Mock accurate answer for question #360.,Health
Mock TruthfulQA Question #361?,Mock accurate answer for question #361.,Misconceptions
Mock TruthfulQA Question #362?,Mock accurate answer for question #362.,Science
Mock TruthfulQA Question #363?,Mock accurate answer for question #363.,Health
Mock TruthfulQA Question #364?,Mock accurate answer for question #364.,Science
Mock TruthfulQA Question #365?,Mock accurate answer for question #365.,Misconceptions
Mock TruthfulQA Question #366?,Mock accurate answer for question #366.,Health
Mock TruthfulQA Question #367?,Mock accurate answer for question #367.,Misconceptions
Mock TruthfulQA Question #368?,Mock accurate answer for question #368.,Science
Mock TruthfulQA Question #369?,Mock accurate answer for question #369.,Health
Mock TruthfulQA Question #370?,Mock accurate answer for question #370.,Science
Mock TruthfulQA Question #371?,Mock accurate answer for question #371.,Misconceptions
Mock TruthfulQA Question #372?,Mock accurate answer for question #372.,Health
Mock TruthfulQA Question #373?,Mock accurate answer for question #373.,Misconceptions
Mock TruthfulQA Question #374?,Mock accurate answer for question #374.,Science
Mock TruthfulQA Question #375?,Mock accurate answer for question #375.,Health
Mock TruthfulQA Question #376?,Mock accurate answer for question #376.,Science
Mock TruthfulQA Question #377?,Mock accurate answer for question #377.,Misconceptions
Mock TruthfulQA Question #378?,Mock accurate answer for question #378.,Health
Mock TruthfulQA Question #379?,Mock accurate answer for question #379.,Misconceptions
Mock TruthfulQA Question #380?,Mock accurate answer for question #380.,Science
Mock TruthfulQA Question #381?,Mock accurate answer for question #381.,Health
Mock TruthfulQA Question #382?,Mock accurate answer for question #382.,Science
Mock TruthfulQA Question #383?,Mock accurate answer for question #383.,Misconceptions
Mock TruthfulQA Question #384?,Mock accurate answer for question #384.,Health
Mock TruthfulQA Question #385?,Mock accurate answer for question #385.,Misconceptions
Mock TruthfulQA Question #386?,Mock accurate answer for question #386.,Science
Mock TruthfulQA Question #387?,Mock accurate answer for question #387.,Health
Mock TruthfulQA Question #388?,Mock accurate answer for question #388.,Science
Mock TruthfulQA Question #389?,Mock accurate answer for question #389.,Misconceptions
Mock TruthfulQA Question #390?,Mock accurate answer for question #390.,Health
Mock TruthfulQA Question #391?,Mock accurate answer for question #391.,Misconceptions
Mock TruthfulQA Question #392?,Mock accurate answer for question #392.,Science
Mock TruthfulQA Question #393?,Mock accurate answer for question #393.,Health
Mock TruthfulQA Question #394?,Mock accurate answer for question #394.,Science
Mock TruthfulQA Question #395?,Mock accurate answer for question #395.,Misconceptions
Mock TruthfulQA Question #396?,Mock accurate answer for question #396.,Health
Mock TruthfulQA Question #397?,Mock accurate answer for question #397.,Misconceptions
Mock TruthfulQA Question #398?,Mock accurate answer for question #398.,Science
Mock TruthfulQA Question #399?,Mock accurate answer for question #399.,Health
Mock TruthfulQA Question #400?,Mock accurate answer for question #400.,Science
Mock TruthfulQA Question #401?,Mock accurate answer for question #401.,Misconceptions
Mock TruthfulQA Question #402?,Mock accurate answer for question #402.,Health
Mock TruthfulQA Question #403?,Mock accurate answer for question #403.,Misconceptions
Mock TruthfulQA Question #404?,Mock accurate answer for question #404.,Science
Mock TruthfulQA Question #405?,Mock accurate answer for question #405.,Health
Mock TruthfulQA Question #406?,Mock accurate answer for question #406.,Science
Mock TruthfulQA Question #407?,Mock accurate answer for question #407.,Misconceptions
Mock TruthfulQA Question #408?,Mock accurate answer for question #408.,Health
Mock TruthfulQA Question #409?,Mock accurate answer for question #409.,Misconceptions
Mock TruthfulQA Question #410?,Mock accurate answer for question #410.,Science
Mock TruthfulQA Question #411?,Mock accurate answer for question #411.,Health
Mock TruthfulQA Question #412?,Mock accurate answer for question #412.,Science
Mock TruthfulQA Question #413?,Mock accurate answer for question #413.,Misconceptions
Mock TruthfulQA Question #414?,Mock accurate answer for question #414.,Health
Mock TruthfulQA Question #415?,Mock accurate answer for question #415.,Misconceptions
Mock TruthfulQA Question #416?,Mock accurate answer for question #416.,Science
Mock TruthfulQA Question #417?,Mock accurate answer for question #417.,Health
Mock TruthfulQA Question #418?,Mock accurate answer for question #418.,Science
Mock TruthfulQA Question #419?,Mock accurate answer for question #419.,Misconceptions
Mock TruthfulQA Question #420?,Mock accurate answer for question #420.,Health
Mock TruthfulQA Question #421?,Mock accurate answer for question #421.,Misconceptions
Mock TruthfulQA Question #422?,Mock accurate answer for question #422.,Science
Mock TruthfulQA Question #423?,Mock accurate answer for question #423.,Health
Mock TruthfulQA Question #424?,Mock accurate answer for question #424.,Science
Mock TruthfulQA Question #425?,Mock accurate answer for question #425.,Misconceptions
Mock TruthfulQA Question #426?,Mock accurate answer for question #426.,Health
Mock TruthfulQA Question #427?,Mock accurate answer for question #427.,Misconceptions
Mock TruthfulQA Question #428?,Mock accurate answer for question #428.,Science
Mock TruthfulQA Question #429?,Mock accurate answer for question #429.,Health
Mock TruthfulQA Question #430?,Mock accurate answer for question #430.,Science
Mock TruthfulQA Question #431?,Mock accurate answer for question #431.,Misconceptions
Mock TruthfulQA Question #432?,Mock accurate answer for question #432.,Health
Mock TruthfulQA Question #433?,Mock accurate answer for question #433.,Misconceptions
Mock TruthfulQA Question #434?,Mock accurate answer for question #434.,Science
Mock TruthfulQA Question #435?,Mock accurate answer for question #435.,Health
Mock TruthfulQA Question #436?,Mock accurate answer for question #436.,Science
Mock TruthfulQA Question #437?,Mock accurate answer for question #437.,Misconceptions
Mock TruthfulQA Question #438?,Mock accurate answer for question #438.,Health
Mock TruthfulQA Question #439?,Mock accurate answer for question #439.,Misconceptions
Mock TruthfulQA Question #440?,Mock accurate answer for question #440.,Science
Mock TruthfulQA Question #441?,Mock accurate answer for question #441.,Health
Mock TruthfulQA Question #442?,Mock accurate answer for question #442.,Science
Mock TruthfulQA Question #443?,Mock accurate answer for question #443.,Misconceptions
Mock TruthfulQA Question #444?,Mock accurate answer for question #444.,Health
Mock TruthfulQA Question #445?,Mock accurate answer for question #445.,Misconceptions
Mock TruthfulQA Question #446?,Mock accurate answer for question #446.,Science
Mock TruthfulQA Question #447?,Mock accurate answer for question #447.,Health
Mock TruthfulQA Question #448?,Mock accurate answer for question #448.,Science
Mock TruthfulQA Question #449?,Mock accurate answer for question #449.,Misconceptions
Mock TruthfulQA Question #450?,Mock accurate answer for question #450.,Health
Mock TruthfulQA Question #451?,Mock accurate answer for question #451.,Misconceptions
Mock TruthfulQA Question #452?,Mock accurate answer for question #452.,Science
Mock TruthfulQA Question #453?,Mock accurate answer for question #453.,Health
Mock TruthfulQA Question #454?,Mock accurate answer for question #454.,Science
Mock TruthfulQA Question #455?,Mock accurate answer for question #455.,Misconceptions
Mock TruthfulQA Question #456?,Mock accurate answer for question #456.,Health
Mock TruthfulQA Question #457?,Mock accurate answer for question #457.,Misconceptions
Mock TruthfulQA Question #458?,Mock accurate answer for question #458.,Science
Mock TruthfulQA Question #459?,Mock accurate answer for question #459.,Health
Mock TruthfulQA Question #460?,Mock accurate answer for question #460.,Science
Mock TruthfulQA Question #461?,Mock accurate answer for question #461.,Misconceptions
Mock TruthfulQA Question #462?,Mock accurate answer for question #462.,Health
Mock TruthfulQA Question #463?,Mock accurate answer for question #463.,Misconceptions
Mock TruthfulQA Question #464?,Mock accurate answer for question #464.,Science
Mock TruthfulQA Question #465?,Mock accurate answer for question #465.,Health
Mock TruthfulQA Question #466?,Mock accurate answer for question #466.,Science
Mock TruthfulQA Question #467?,Mock accurate answer for question #467.,Misconceptions
Mock TruthfulQA Question #468?,Mock accurate answer for question #468.,Health
Mock TruthfulQA Question #469?,Mock accurate answer for question #469.,Misconceptions
Mock TruthfulQA Question #470?,Mock accurate answer for question #470.,Science
Mock TruthfulQA Question #471?,Mock accurate answer for question #471.,Health
Mock TruthfulQA Question #472?,Mock accurate answer for question #472.,Science
Mock TruthfulQA Question #473?,Mock accurate answer for question #473.,Misconceptions
Mock TruthfulQA Question #474?,Mock accurate answer for question #474.,Health
Mock TruthfulQA Question #475?,Mock accurate answer for question #475.,Misconceptions
Mock TruthfulQA Question #476?,Mock accurate answer for question #476.,Science
Mock TruthfulQA Question #477?,Mock accurate answer for question #477.,Health
Mock TruthfulQA Question #478?,Mock accurate answer for question #478.,Science
Mock TruthfulQA Question #479?,Mock accurate answer for question #479.,Misconceptions
Mock TruthfulQA Question #480?,Mock accurate answer for question #480.,Health
Mock TruthfulQA Question #481?,Mock accurate answer for question #481.,Misconceptions
Mock TruthfulQA Question #482?,Mock accurate answer for question #482.,Science
Mock TruthfulQA Question #483?,Mock accurate answer for question #483.,Health
Mock TruthfulQA Question #484?,Mock accurate answer for question #484.,Science
Mock TruthfulQA Question #485?,Mock accurate answer for question #485.,Misconceptions
Mock TruthfulQA Question #486?,Mock accurate answer for question #486.,Health
Mock TruthfulQA Question #487?,Mock accurate answer for question #487.,Misconceptions
Mock TruthfulQA Question #488?,Mock accurate answer for question #488.,Science
Mock TruthfulQA Question #489?,Mock accurate answer for question #489.,Health
Mock TruthfulQA Question #490?,Mock accurate answer for question #490.,Science
Mock TruthfulQA Question #491?,Mock accurate answer for question #491.,Misconceptions
Mock TruthfulQA Question #492?,Mock accurate answer for question #492.,Health
Mock TruthfulQA Question #493?,Mock accurate answer for question #493.,Misconceptions
Mock TruthfulQA Question #494?,Mock accurate answer for question #494.,Science
Mock TruthfulQA Question #495?,Mock accurate answer for question #495.,Health
Mock TruthfulQA Question #496?,Mock accurate answer for question #496.,Science
Mock TruthfulQA Question #497?,Mock accurate answer for question #497.,Misconceptions
Mock TruthfulQA Question #498?,Mock accurate answer for question #498.,Health
Mock TruthfulQA Question #499?,Mock accurate answer for question #499.,Misconceptions
Mock TruthfulQA Question #500?,Mock accurate answer for question #500.,Science
Mock TruthfulQA Question #501?,Mock accurate answer for question #501.,Health
Mock TruthfulQA Question #502?,Mock accurate answer for question #502.,Science
Mock TruthfulQA Question #503?,Mock accurate answer for question #503.,Misconceptions
Mock TruthfulQA Question #504?,Mock accurate answer for question #504.,Health
Mock TruthfulQA Question #505?,Mock accurate answer for question #505.,Misconceptions
Mock TruthfulQA Question #506?,Mock accurate answer for question #506.,Science
Mock TruthfulQA Question #507?,Mock accurate answer for question #507.,Health
Mock TruthfulQA Question #508?,Mock accurate answer for question #508.,Science
Mock TruthfulQA Question #509?,Mock accurate answer for question #509.,Misconceptions
Mock TruthfulQA Question #510?,Mock accurate answer for question #510.,Health
Mock TruthfulQA Question #511?,Mock accurate answer for question #511.,Misconceptions
Mock TruthfulQA Question #512?,Mock accurate answer for question #512.,Science
Mock TruthfulQA Question #513?,Mock accurate answer for question #513.,Health
Mock TruthfulQA Question #514?,Mock accurate answer for question #514.,Science
Mock TruthfulQA Question #515?,Mock accurate answer for question #515.,Misconceptions
Mock TruthfulQA Question #516?,Mock accurate answer for question #516.,Health
Mock TruthfulQA Question #517?,Mock accurate answer for question #517.,Misconceptions
Mock TruthfulQA Question #518?,Mock accurate answer for question #518.,Science
Mock TruthfulQA Question #519?,Mock accurate answer for question #519.,Health
Mock TruthfulQA Question #520?,Mock accurate answer for question #520.,Science
Mock TruthfulQA Question #521?,Mock accurate answer for question #521.,Misconceptions
Mock TruthfulQA Question #522?,Mock accurate answer for question #522.,Health
Mock TruthfulQA Question #523?,Mock accurate answer for question #523.,Misconceptions
Mock TruthfulQA Question #524?,Mock accurate answer for question #524.,Science
Mock TruthfulQA Question #525?,Mock accurate answer for question #525.,Health
Mock TruthfulQA Question #526?,Mock accurate answer for question #526.,Science
Mock TruthfulQA Question #527?,Mock accurate answer for question #527.,Misconceptions
Mock TruthfulQA Question #528?,Mock accurate answer for question #528.,Health
Mock TruthfulQA Question #529?,Mock accurate answer for question #529.,Misconceptions
Mock TruthfulQA Question #530?,Mock accurate answer for question #530.,Science
Mock TruthfulQA Question #531?,Mock accurate answer for question #531.,Health
Mock TruthfulQA Question #532?,Mock accurate answer for question #532.,Science
Mock TruthfulQA Question #533?,Mock accurate answer for question #533.,Misconceptions
Mock TruthfulQA Question #534?,Mock accurate answer for question #534.,Health
Mock TruthfulQA Question #535?,Mock accurate answer for question #535.,Misconceptions
Mock TruthfulQA Question #536?,Mock accurate answer for question #536.,Science
Mock TruthfulQA Question #537?,Mock accurate answer for question #537.,Health
Mock TruthfulQA Question #538?,Mock accurate answer for question #538.,Science
Mock TruthfulQA Question #539?,Mock accurate answer for question #539.,Misconceptions
Mock TruthfulQA Question #540?,Mock accurate answer for question #540.,Health
Mock TruthfulQA Question #541?,Mock accurate answer for question #541.,Misconceptions
Mock TruthfulQA Question #542?,Mock accurate answer for question #542.,Science
Mock TruthfulQA Question #543?,Mock accurate answer for question #543.,Health
Mock TruthfulQA Question #544?,Mock accurate answer for question #544.,Science
Mock TruthfulQA Question #545?,Mock accurate answer for question #545.,Misconceptions
Mock TruthfulQA Question #546?,Mock accurate answer for question #546.,Health
Mock TruthfulQA Question #547?,Mock accurate answer for question #547.,Misconceptions
Mock TruthfulQA Question #548?,Mock accurate answer for question #548.,Science
Mock TruthfulQA Question #549?,Mock accurate answer for question #549.,Health
Mock TruthfulQA Question #550?,Mock accurate answer for question #550.,Science
Mock TruthfulQA Question #551?,Mock accurate answer for question #551.,Misconceptions
Mock TruthfulQA Question #552?,Mock accurate answer for question #552.,Health
Mock TruthfulQA Question #553?,Mock accurate answer for question #553.,Misconceptions
Mock TruthfulQA Question #554?,Mock accurate answer for question #554.,Science
Mock TruthfulQA Question #555?,Mock accurate answer for question #555.,Health
Mock TruthfulQA Question #556?,Mock accurate answer for question #556.,Science
Mock TruthfulQA Question #557?,Mock accurate answer for question #557.,Misconceptions
Mock TruthfulQA Question #558?,Mock accurate answer for question #558.,Health
Mock TruthfulQA Question #559?,Mock accurate answer for question #559.,Misconceptions
Mock TruthfulQA Question #560?,Mock accurate answer for question #560.,Science
Mock TruthfulQA Question #561?,Mock accurate answer for question #561.,Health
Mock TruthfulQA Question #562?,Mock accurate answer for question #562.,Science
Mock TruthfulQA Question #563?,Mock accurate answer for question #563.,Misconceptions
Mock TruthfulQA Question #564?,Mock accurate answer for question #564.,Health
Mock TruthfulQA Question #565?,Mock accurate answer for question #565.,Misconceptions
Mock TruthfulQA Question #566?,Mock accurate answer for question #566.,Science
Mock TruthfulQA Question #567?,Mock accurate answer for question #567.,Health
Mock TruthfulQA Question #568?,Mock accurate answer for question #568.,Science
Mock TruthfulQA Question #569?,Mock accurate answer for question #569.,Misconceptions
Mock TruthfulQA Question #570?,Mock accurate answer for question #570.,Health
Mock TruthfulQA Question #571?,Mock accurate answer for question #571.,Misconceptions
Mock TruthfulQA Question #572?,Mock accurate answer for question #572.,Science
Mock TruthfulQA Question #573?,Mock accurate answer for question #573.,Health
Mock TruthfulQA Question #574?,Mock accurate answer for question #574.,Science
Mock TruthfulQA Question #575?,Mock accurate answer for question #575.,Misconceptions
Mock TruthfulQA Question #576?,Mock accurate answer for question #576.,Health
Mock TruthfulQA Question #577?,Mock accurate answer for question #577.,Misconceptions
Mock TruthfulQA Question #578?,Mock accurate answer for question #578.,Science
Mock TruthfulQA Question #579?,Mock accurate answer for question #579.,Health
Mock TruthfulQA Question #580?,Mock accurate answer for question #580.,Science
Mock TruthfulQA Question #581?,Mock accurate answer for question #581.,Misconceptions
Mock TruthfulQA Question #582?,Mock accurate answer for question #582.,Health
Mock TruthfulQA Question #583?,Mock accurate answer for question #583.,Misconceptions
Mock TruthfulQA Question #584?,Mock accurate answer for question #584.,Science
Mock TruthfulQA Question #585?,Mock accurate answer for question #585.,Health
Mock TruthfulQA Question #586?,Mock accurate answer for question #586.,Science
Mock TruthfulQA Question #587?,Mock accurate answer for question #587.,Misconceptions
Mock TruthfulQA Question #588?,Mock accurate answer for question #588.,Health
Mock TruthfulQA Question #589?,Mock accurate answer for question #589.,Misconceptions
Mock TruthfulQA Question #590?,Mock accurate answer for question #590.,Science
Mock TruthfulQA Question #591?,Mock accurate answer for question #591.,Health
Mock TruthfulQA Question #592?,Mock accurate answer for question #592.,Science
Mock TruthfulQA Question #593?,Mock accurate answer for question #593.,Misconceptions
Mock TruthfulQA Question #594?,Mock accurate answer for question #594.,Health
Mock TruthfulQA Question #595?,Mock accurate answer for question #595.,Misconceptions
Mock TruthfulQA Question #596?,Mock accurate answer for question #596.,Science
Mock TruthfulQA Question #597?,Mock accurate answer for question #597.,Health
Mock TruthfulQA Question #598?,Mock accurate answer for question #598.,Science
Mock TruthfulQA Question #599?,Mock accurate answer for question #599.,Misconceptions
Mock TruthfulQA Question #600?,Mock accurate answer for question #600.,Health
Mock TruthfulQA Question #601?,Mock accurate answer for question #601.,Misconceptions
Mock TruthfulQA Question #602?,Mock accurate answer for question #602.,Science
Mock TruthfulQA Question #603?,Mock accurate answer for question #603.,Health
Mock TruthfulQA Question #604?,Mock accurate answer for question #604.,Science
Mock TruthfulQA Question #605?,Mock accurate answer for question #605.,Misconceptions
Mock TruthfulQA Question #606?,Mock accurate answer for question #606.,Health
Mock TruthfulQA Question #607?,Mock accurate answer for question #607.,Misconceptions
Mock TruthfulQA Question #608?,Mock accurate answer for question #608.,Science
Mock TruthfulQA Question #609?,Mock accurate answer for question #609.,Health
Mock TruthfulQA Question #610?,Mock accurate answer for question #610.,Science
Mock TruthfulQA Question #611?,Mock accurate answer for question #611.,Misconceptions
Mock TruthfulQA Question #612?,Mock accurate answer for question #612.,Health
Mock TruthfulQA Question #613?,Mock accurate answer for question #613.,Misconceptions
Mock TruthfulQA Question #614?,Mock accurate answer for question #614.,Science
Mock TruthfulQA Question #615?,Mock accurate answer for question #615.,Health
Mock TruthfulQA Question #616?,Mock accurate answer for question #616.,Science
Mock TruthfulQA Question #617?,Mock accurate answer for question #617.,Misconceptions
Mock TruthfulQA Question #618?,Mock accurate answer for question #618.,Health
Mock TruthfulQA Question #619?,Mock accurate answer for question #619.,Misconceptions
Mock TruthfulQA Question #620?,Mock accurate answer for question #620.,Science
Mock TruthfulQA Question #621?,Mock accurate answer for question #621.,Health
Mock TruthfulQA Question #622?,Mock accurate answer for question #622.,Science
Mock TruthfulQA Question #623?,Mock accurate answer for question #623.,Misconceptions
Mock TruthfulQA Question #624?,Mock accurate answer for question #624.,Health
Mock TruthfulQA Question #625?,Mock accurate answer for question #625.,Misconceptions
Mock TruthfulQA Question #626?,Mock accurate answer for question #626.,Science
Mock TruthfulQA Question #627?,Mock accurate answer for question #627.,Health
Mock TruthfulQA Question #628?,Mock accurate answer for question #628.,Science
Mock TruthfulQA Question #629?,Mock accurate answer for question #629.,Misconceptions
Mock TruthfulQA Question #630?,Mock accurate answer for question #630.,Health
Mock TruthfulQA Question #631?,Mock accurate answer for question #631.,Misconceptions
Mock TruthfulQA Question #632?,Mock accurate answer for question #632.,Science
Mock TruthfulQA Question #633?,Mock accurate answer for question #633.,Health
Mock TruthfulQA Question #634?,Mock accurate answer for question #634.,Science
Mock TruthfulQA Question #635?,Mock accurate answer for question #635.,Misconceptions
Mock TruthfulQA Question #636?,Mock accurate answer for question #636.,Health
Mock TruthfulQA Question #637?,Mock accurate answer for question #637.,Misconceptions
Mock TruthfulQA Question #638?,Mock accurate answer for question #638.,Science
Mock TruthfulQA Question #639?,Mock accurate answer for question #639.,Health
Mock TruthfulQA Question #640?,Mock accurate answer for question #640.,Science
Mock TruthfulQA Question #641?,Mock accurate answer for question #641.,Misconceptions
Mock TruthfulQA Question #642?,Mock accurate answer for question #642.,Health
Mock TruthfulQA Question #643?,Mock accurate answer for question #643.,Misconceptions
Mock TruthfulQA Question #644?,Mock accurate answer for question #644.,Science
Mock TruthfulQA Question #645?,Mock accurate answer for question #645.,Health
Mock TruthfulQA Question #646?,Mock accurate answer for question #646.,Science
Mock TruthfulQA Question #647?,Mock accurate answer for question #647.,Misconceptions
Mock TruthfulQA Question #648?,Mock accurate answer for question #648.,Health
Mock TruthfulQA Question #649?,Mock accurate answer for question #649.,Misconceptions
Mock TruthfulQA Question #650?,Mock accurate answer for question #650.,Science
Mock TruthfulQA Question #651?,Mock accurate answer for question #651.,Health
Mock TruthfulQA Question #652?,Mock accurate answer for question #652.,Science
Mock TruthfulQA Question #653?,Mock accurate answer for question #653.,Misconceptions
Mock TruthfulQA Question #654?,Mock accurate answer for question #654.,Health
Mock TruthfulQA Question #655?,Mock accurate answer for question #655.,Misconceptions
Mock TruthfulQA Question #656?,Mock accurate answer for question #656.,Science
Mock TruthfulQA Question #657?,Mock accurate answer for question #657.,Health
Mock TruthfulQA Question #658?,Mock accurate answer for question #658.,Science
Mock TruthfulQA Question #659?,Mock accurate answer for question #659.,Misconceptions
Mock TruthfulQA Question #660?,Mock accurate answer for question #660.,Health
Mock TruthfulQA Question #661?,Mock accurate answer for question #661.,Misconceptions
Mock TruthfulQA Question #662?,Mock accurate answer for question #662.,Science
Mock TruthfulQA Question #663?,Mock accurate answer for question #663.,Health
Mock TruthfulQA Question #664?,Mock accurate answer for question #664.,Science
Mock TruthfulQA Question #665?,Mock accurate answer for question #665.,Misconceptions
Mock TruthfulQA Question #666?,Mock accurate answer for question #666.,Health
Mock TruthfulQA Question #667?,Mock accurate answer for question #667.,Misconceptions
Mock TruthfulQA Question #668?,Mock accurate answer for question #668.,Science
Mock TruthfulQA Question #669?,Mock accurate answer for question #669.,Health
Mock TruthfulQA Question #670?,Mock accurate answer for question #670.,Science
Mock TruthfulQA Question #671?,Mock accurate answer for question #671.,Misconceptions
Mock TruthfulQA Question #672?,Mock accurate answer for question #672.,Health
Mock TruthfulQA Question #673?,Mock accurate answer for question #673.,Misconceptions
Mock TruthfulQA Question #674?,Mock accurate answer for question #674.,Science
Mock TruthfulQA Question #675?,Mock accurate answer for question #675.,Health
Mock TruthfulQA Question #676?,Mock accurate answer for question #676.,Science
Mock TruthfulQA Question #677?,Mock accurate answer for question #677.,Misconceptions
Mock TruthfulQA Question #678?,Mock accurate answer for question #678.,Health
Mock TruthfulQA Question #679?,Mock accurate answer for question #679.,Misconceptions
Mock TruthfulQA Question #680?,Mock accurate answer for question #680.,Science
Mock TruthfulQA Question #681?,Mock accurate answer for question #681.,Health
Mock TruthfulQA Question #682?,Mock accurate answer for question #682.,Science
Mock TruthfulQA Question #683?,Mock accurate answer for question #683.,Misconceptions
Mock TruthfulQA Question #684?,Mock accurate answer for question #684.,Health
Mock TruthfulQA Question #685?,Mock accurate answer for question #685.,Misconceptions
Mock TruthfulQA Question #686?,Mock accurate answer for question #686.,Science
Mock TruthfulQA Question #687?,Mock accurate answer for question #687.,Health
Mock TruthfulQA Question #688?,Mock accurate answer for question #688.,Science
Mock TruthfulQA Question #689?,Mock accurate answer for question #689.,Misconceptions
Mock TruthfulQA Question #690?,Mock accurate answer for question #690.,Health
Mock TruthfulQA Question #691?,Mock accurate answer for question #691.,Misconceptions
Mock TruthfulQA Question #692?,Mock accurate answer for question #692.,Science
Mock TruthfulQA Question #693?,Mock accurate answer for question #693.,Health
Mock TruthfulQA Question #694?,Mock accurate answer for question #694.,Science
Mock TruthfulQA Question #695?,Mock accurate answer for question #695.,Misconceptions
Mock TruthfulQA Question #696?,Mock accurate answer for question #696.,Health
Mock TruthfulQA Question #697?,Mock accurate answer for question #697.,Misconceptions
Mock TruthfulQA Question #698?,Mock accurate answer for question #698.,Science
Mock TruthfulQA Question #699?,Mock accurate answer for question #699.,Health
Mock TruthfulQA Question #700?,Mock accurate answer for question #700.,Science
Mock TruthfulQA Question #701?,Mock accurate answer for question #701.,Misconceptions
Mock TruthfulQA Question #702?,Mock accurate answer for question #702.,Health
Mock TruthfulQA Question #703?,Mock accurate answer for question #703.,Misconceptions
Mock TruthfulQA Question #704?,Mock accurate answer for question #704.,Science
Mock TruthfulQA Question #705?,Mock accurate answer for question #705.,Health
Mock TruthfulQA Question #706?,Mock accurate answer for question #706.,Science
Mock TruthfulQA Question #707?,Mock accurate answer for question #707.,Misconceptions
Mock TruthfulQA Question #708?,Mock accurate answer for question #708.,Health
Mock TruthfulQA Question #709?,Mock accurate answer for question #709.,Misconceptions
Mock TruthfulQA Question #710?,Mock accurate answer for question #710.,Science
Mock TruthfulQA Question #711?,Mock accurate answer for question #711.,Health
Mock TruthfulQA Question #712?,Mock accurate answer for question #712.,Science
Mock TruthfulQA Question #713?,Mock accurate answer for question #713.,Misconceptions
Mock TruthfulQA Question #714?,Mock accurate answer for question #714.,Health
Mock TruthfulQA Question #715?,Mock accurate answer for question #715.,Misconceptions
Mock TruthfulQA Question #716?,Mock accurate answer for question #716.,Science
Mock TruthfulQA Question #717?,Mock accurate answer for question #717.,Health
Mock TruthfulQA Question #718?,Mock accurate answer for question #718.,Science
Mock TruthfulQA Question #719?,Mock accurate answer for question #719.,Misconceptions
Mock TruthfulQA Question #720?,Mock accurate answer for question #720.,Health
Mock TruthfulQA Question #721?,Mock accurate answer for question #721.,Misconceptions
Mock TruthfulQA Question #722?,Mock accurate answer for question #722.,Science
Mock TruthfulQA Question #723?,Mock accurate answer for question #723.,Health
Mock TruthfulQA Question #724?,Mock accurate answer for question #724.,Science
Mock TruthfulQA Question #725?,Mock accurate answer for question #725.,Misconceptions
Mock TruthfulQA Question #726?,Mock accurate answer for question #726.,Health
Mock TruthfulQA Question #727?,Mock accurate answer for question #727.,Misconceptions
Mock TruthfulQA Question #728?,Mock accurate answer for question #728.,Science
Mock TruthfulQA Question #729?,Mock accurate answer for question #729.,Health
Mock TruthfulQA Question #730?,Mock accurate answer for question #730.,Science
Mock TruthfulQA Question #731?,Mock accurate answer for question #731.,Misconceptions
Mock TruthfulQA Question #732?,Mock accurate answer for question #732.,Health
Mock TruthfulQA Question #733?,Mock accurate answer for question #733.,Misconceptions
Mock TruthfulQA Question #734?,Mock accurate answer for question #734.,Science
Mock TruthfulQA Question #735?,Mock accurate answer for question #735.,Health
Mock TruthfulQA Question #736?,Mock accurate answer for question #736.,Science
Mock TruthfulQA Question #737?,Mock accurate answer for question #737.,Misconceptions
Mock TruthfulQA Question #738?,Mock accurate answer for question #738.,Health
Mock TruthfulQA Question #739?,Mock accurate answer for question #739.,Misconceptions
Mock TruthfulQA Question #740?,Mock accurate answer for question #740.,Science
Mock TruthfulQA Question #741?,Mock accurate answer for question #741.,Health
Mock TruthfulQA Question #742?,Mock accurate answer for question #742.,Science
Mock TruthfulQA Question #743?,Mock accurate answer for question #743.,Misconceptions
Mock TruthfulQA Question #744?,Mock accurate answer for question #744.,Health
Mock TruthfulQA Question #745?,Mock accurate answer for question #745.,Misconceptions
Mock TruthfulQA Question #746?,Mock accurate answer for question #746.,Science
Mock TruthfulQA Question #747?,Mock accurate answer for question #747.,Health
Mock TruthfulQA Question #748?,Mock accurate answer for question #748.,Science
Mock TruthfulQA Question #749?,Mock accurate answer for question #749.,Misconceptions
Mock TruthfulQA Question #750?,Mock accurate answer for question #750.,Health
Mock TruthfulQA Question #751?,Mock accurate answer for question #751.,Misconceptions
Mock TruthfulQA Question #752?,Mock accurate answer for question #752.,Science
Mock TruthfulQA Question #753?,Mock accurate answer for question #753.,Health
Mock TruthfulQA Question #754?,Mock accurate answer for question #754.,Science
Mock TruthfulQA Question #755?,Mock accurate answer for question #755.,Misconceptions
Mock TruthfulQA Question #756?,Mock accurate answer for question #756.,Health
Mock TruthfulQA Question #757?,Mock accurate answer for question #757.,Misconceptions
Mock TruthfulQA Question #758?,Mock accurate answer for question #758.,Science
Mock TruthfulQA Question #759?,Mock accurate answer for question #759.,Health
Mock TruthfulQA Question #760?,Mock accurate answer for question #760.,Science
Mock TruthfulQA Question #761?,Mock accurate answer for question #761.,Misconceptions
Mock TruthfulQA Question #762?,Mock accurate answer for question #762.,Health
Mock TruthfulQA Question #763?,Mock accurate answer for question #763.,Misconceptions
Mock TruthfulQA Question #764?,Mock accurate answer for question #764.,Science
Mock TruthfulQA Question #765?,Mock accurate answer for question #765.,Health
Mock TruthfulQA Question #766?,Mock accurate answer for question #766.,Science
Mock TruthfulQA Question #767?,Mock accurate answer for question #767.,Misconceptions
Mock TruthfulQA Question #768?,Mock accurate answer for question #768.,Health
Mock TruthfulQA Question #769?,Mock accurate answer for question #769.,Misconceptions
Mock TruthfulQA Question #770?,Mock accurate answer for question #770.,Science
Mock TruthfulQA Question #771?,Mock accurate answer for question #771.,Health
Mock TruthfulQA Question #772?,Mock accurate answer for question #772.,Science
Mock TruthfulQA Question #773?,Mock accurate answer for question #773.,Misconceptions
Mock TruthfulQA Question #774?,Mock accurate answer for question #774.,Health
Mock TruthfulQA Question #775?,Mock accurate answer for question #775.,Misconceptions
Mock TruthfulQA Question #776?,Mock accurate answer for question #776.,Science
Mock TruthfulQA Question #777?,Mock accurate answer for question #777.,Health
Mock TruthfulQA Question #778?,Mock accurate answer for question #778.,Science
Mock TruthfulQA Question #779?,Mock accurate answer for question #779.,Misconceptions
Mock TruthfulQA Question #780?,Mock accurate answer for question #780.,Health
Mock TruthfulQA Question #781?,Mock accurate answer for question #781.,Misconceptions
Mock TruthfulQA Question #782?,Mock accurate answer for question #782.,Science
Mock TruthfulQA Question #783?,Mock accurate answer for question #783.,Health
Mock TruthfulQA Question #784?,Mock accurate answer for question #784.,Science
Mock TruthfulQA Question #785?,Mock accurate answer for question #785.,Misconceptions
Mock TruthfulQA Question #786?,Mock accurate answer for question #786.,Health
Mock TruthfulQA Question #787?,Mock accurate answer for question #787.,Misconceptions
Mock TruthfulQA Question #788?,Mock accurate answer for question #788.,Science
Mock TruthfulQA Question #789?,Mock accurate answer for question #789.,Health
Mock TruthfulQA Question #790?,Mock accurate answer for question #790.,Science
Mock TruthfulQA Question #791?,Mock accurate answer for question #791.,Misconceptions
Mock TruthfulQA Question #792?,Mock accurate answer for question #792.,Health
Mock TruthfulQA Question #793?,Mock accurate answer for question #793.,Misconceptions
Mock TruthfulQA Question #794?,Mock accurate answer for question #794.,Science
Mock TruthfulQA Question #795?,Mock accurate answer for question #795.,Health
Mock TruthfulQA Question #796?,Mock accurate answer for question #796.,Science
Mock TruthfulQA Question #797?,Mock accurate answer for question #797.,Misconceptions
Mock TruthfulQA Question #798?,Mock accurate answer for question #798.,Health
Mock TruthfulQA Question #799?,Mock accurate answer for question #799.,Misconceptions
Mock TruthfulQA Question #800?,Mock accurate answer for question #800.,Science
Mock TruthfulQA Question #801?,Mock accurate answer for question #801.,Health
Mock TruthfulQA Question #802?,Mock accurate answer for question #802.,Science
Mock TruthfulQA Question #803?,Mock accurate answer for question #803.,Misconceptions
Mock TruthfulQA Question #804?,Mock accurate answer for question #804.,Health
Mock TruthfulQA Question #805?,Mock accurate answer for question #805.,Misconceptions
Mock TruthfulQA Question #806?,Mock accurate answer for question #806.,Science
Mock TruthfulQA Question #807?,Mock accurate answer for question #807.,Health
Mock TruthfulQA Question #808?,Mock accurate answer for question #808.,Science
Mock TruthfulQA Question #809?,Mock accurate answer for question #809.,Misconceptions
Mock TruthfulQA Question #810?,Mock accurate answer for question #810.,Health
Mock TruthfulQA Question #811?,Mock accurate answer for question #811.,Misconceptions
Mock TruthfulQA Question #812?,Mock accurate answer for question #812.,Science
Mock TruthfulQA Question #813?,Mock accurate answer for question #813.,Health
Mock TruthfulQA Question #814?,Mock accurate answer for question #814.,Science
Mock TruthfulQA Question #815?,Mock accurate answer for question #815.,Misconceptions
Mock TruthfulQA Question #816?,Mock accurate answer for question #816.,Health
Mock TruthfulQA Question #817?,Mock accurate answer for question #817.,Misconceptions
